{"Learning Rate Scheduling": 0.00044496570937266333, "trainer/global_step": 0, "_timestamp": 1728871142.668999, "_runtime": 2.9857289791107178, "_step": 0, "_wandb": {"runtime": 90}}